Word,Doc Name,TF value,IDF value,Profile Score
1cm,doc1,0.002207505518763797,1.0986122886681098,0.002425192690216578
2014,doc1,0.002207505518763797,1.0986122886681098,0.002425192690216578
31,doc1,0.002207505518763797,1.0986122886681098,0.002425192690216578
71,doc1,0.002207505518763797,1.0986122886681098,0.002425192690216578
80,doc1,0.002207505518763797,1.0986122886681098,0.002425192690216578
actors,doc1,0.002207505518763797,1.0986122886681098,0.002425192690216578
actress,doc1,0.002207505518763797,1.0986122886681098,0.002425192690216578
adult,doc1,0.002207505518763797,1.0986122886681098,0.002425192690216578
after,doc1,0.002207505518763797,1.0986122886681098,0.002425192690216578
aladin,doc1,0.002207505518763797,1.0986122886681098,0.002425192690216578
alphabet,doc1,0.002207505518763797,1.0986122886681098,0.002425192690216578
american,doc1,0.002207505518763797,1.0986122886681098,0.002425192690216578
an,doc1,0.004415011037527594,0.4054651081081644,0.001790132927629865
and,doc1,0.004415011037527594,0.4054651081081644,0.001790132927629865
animal,doc1,0.004415011037527594,1.0986122886681098,0.004850385380433156
are,doc1,0.03090507726269316,1.0986122886681098,0.03395269766303209
as,doc1,0.006622516556291391,0.4054651081081644,0.0026851993914447972
atmospheric,doc1,0.002207505518763797,1.0986122886681098,0.002425192690216578
baby,doc1,0.004415011037527594,1.0986122886681098,0.004850385380433156
beiber,doc1,0.002207505518763797,1.0986122886681098,0.002425192690216578
belongs,doc1,0.002207505518763797,1.0986122886681098,0.002425192690216578
body,doc1,0.002207505518763797,1.0986122886681098,0.002425192690216578
bones,doc1,0.002207505518763797,1.0986122886681098,0.002425192690216578
book,doc1,0.002207505518763797,1.0986122886681098,0.002425192690216578
brain,doc1,0.002207505518763797,1.0986122886681098,0.002425192690216578
brings,doc1,0.002207505518763797,1.0986122886681098,0.002425192690216578
butterflies,doc1,0.002207505518763797,1.0986122886681098,0.002425192690216578
by,doc1,0.002207505518763797,0.4054651081081644,0.0008950664638149325
call,doc1,0.006622516556291391,1.0986122886681098,0.007275578070649734
called,doc1,0.006622516556291391,1.0986122886681098,0.007275578070649734
can,doc1,0.002207505518763797,1.0986122886681098,0.002425192690216578
cards,doc1,0.004415011037527594,1.0986122886681098,0.004850385380433156
catterpillar,doc1,0.002207505518763797,1.0986122886681098,0.002425192690216578
caused,doc1,0.002207505518763797,1.0986122886681098,0.002425192690216578
celebrated,doc1,0.002207505518763797,1.0986122886681098,0.002425192690216578
characters,doc1,0.002207505518763797,1.0986122886681098,0.002425192690216578
colour,doc1,0.002207505518763797,1.0986122886681098,0.002425192690216578
colours,doc1,0.004415011037527594,1.0986122886681098,0.004850385380433156
comes,doc1,0.002207505518763797,1.0986122886681098,0.002425192690216578
complete,doc1,0.002207505518763797,1.0986122886681098,0.002425192690216578
computer,doc1,0.002207505518763797,1.0986122886681098,0.002425192690216578
country,doc1,0.006622516556291391,1.0986122886681098,0.007275578070649734
covers,doc1,0.002207505518763797,1.0986122886681098,0.002425192690216578
cow,doc1,0.002207505518763797,1.0986122886681098,0.002425192690216578
cricket,doc1,0.004415011037527594,1.0986122886681098,0.004850385380433156
cups,doc1,0.002207505518763797,1.0986122886681098,0.002425192690216578
day,doc1,0.011037527593818985,0.0,0.0
days,doc1,0.006622516556291391,0.4054651081081644,0.0026851993914447972
democracy,doc1,0.002207505518763797,1.0986122886681098,0.002425192690216578
develops,doc1,0.002207505518763797,1.0986122886681098,0.002425192690216578
did,doc1,0.002207505518763797,1.0986122886681098,0.002425192690216578
direction,doc1,0.002207505518763797,1.0986122886681098,0.002425192690216578
do,doc1,0.006622516556291391,0.4054651081081644,0.0026851993914447972
does,doc1,0.01545253863134658,1.0986122886681098,0.016976348831516046
during,doc1,0.002207505518763797,1.0986122886681098,0.002425192690216578
dwarfs,doc1,0.002207505518763797,1.0986122886681098,0.002425192690216578
ears,doc1,0.002207505518763797,1.0986122886681098,0.002425192690216578
earth,doc1,0.006622516556291391,1.0986122886681098,0.007275578070649734
english,doc1,0.004415011037527594,1.0986122886681098,0.004850385380433156
environment,doc1,0.002207505518763797,1.0986122886681098,0.002425192690216578
equal,doc1,0.002207505518763797,1.0986122886681098,0.002425192690216578
eve,doc1,0.002207505518763797,0.4054651081081644,0.0008950664638149325
excess,doc1,0.002207505518763797,1.0986122886681098,0.002425192690216578
famous,doc1,0.004415011037527594,0.4054651081081644,0.001790132927629865
feature,doc1,0.002207505518763797,1.0986122886681098,0.002425192690216578
female,doc1,0.002207505518763797,1.0986122886681098,0.002425192690216578
first,doc1,0.002207505518763797,1.0986122886681098,0.002425192690216578
five,doc1,0.002207505518763797,1.0986122886681098,0.002425192690216578
flag,doc1,0.002207505518763797,1.0986122886681098,0.002425192690216578
flower,doc1,0.002207505518763797,1.0986122886681098,0.002425192690216578
football,doc1,0.002207505518763797,1.0986122886681098,0.002425192690216578
for,doc1,0.004415011037527594,0.4054651081081644,0.001790132927629865
friday,doc1,0.002207505518763797,1.0986122886681098,0.002425192690216578
frog,doc1,0.004415011037527594,1.0986122886681098,0.004850385380433156
from,doc1,0.002207505518763797,1.0986122886681098,0.002425192690216578
gas,doc1,0.002207505518763797,1.0986122886681098,0.002425192690216578
global,doc1,0.002207505518763797,1.0986122886681098,0.002425192690216578
grows,doc1,0.004415011037527594,1.0986122886681098,0.004850385380433156
hair,doc1,0.002207505518763797,1.0986122886681098,0.002425192690216578
has,doc1,0.006622516556291391,1.0986122886681098,0.007275578070649734
have,doc1,0.011037527593818985,1.0986122886681098,0.01212596345108289
home,doc1,0.002207505518763797,1.0986122886681098,0.002425192690216578
house,doc1,0.002207505518763797,1.0986122886681098,0.002425192690216578
how,doc1,0.03532008830022075,0.4054651081081644,0.01432106342103892
human,doc1,0.004415011037527594,1.0986122886681098,0.004850385380433156
hundred,doc1,0.002207505518763797,1.0986122886681098,0.002425192690216578
ice,doc1,0.002207505518763797,1.0986122886681098,0.002425192690216578
in,doc1,0.037527593818984545,0.0,0.0
india,doc1,0.002207505518763797,1.0986122886681098,0.002425192690216578
insects,doc1,0.002207505518763797,1.0986122886681098,0.002425192690216578
instrument,doc1,0.002207505518763797,1.0986122886681098,0.002425192690216578
into,doc1,0.002207505518763797,1.0986122886681098,0.002425192690216578
invented,doc1,0.004415011037527594,1.0986122886681098,0.004850385380433156
is,doc1,0.033112582781456956,0.0,0.0
isosceles,doc1,0.002207505518763797,1.0986122886681098,0.002425192690216578
jungle,doc1,0.002207505518763797,1.0986122886681098,0.002425192690216578
justin,doc1,0.002207505518763797,1.0986122886681098,0.002425192690216578
king,doc1,0.004415011037527594,1.0986122886681098,0.004850385380433156
known,doc1,0.002207505518763797,1.0986122886681098,0.002425192690216578
land,doc1,0.004415011037527594,1.0986122886681098,0.004850385380433156
largest,doc1,0.004415011037527594,1.0986122886681098,0.004850385380433156
least,doc1,0.002207505518763797,1.0986122886681098,0.002425192690216578
led,doc1,0.002207505518763797,1.0986122886681098,0.002425192690216578
letter,doc1,0.002207505518763797,1.0986122886681098,0.002425192690216578
letters,doc1,0.002207505518763797,1.0986122886681098,0.002425192690216578
lion,doc1,0.002207505518763797,1.0986122886681098,0.002425192690216578
live,doc1,0.002207505518763797,1.0986122886681098,0.002425192690216578
longest,doc1,0.002207505518763797,1.0986122886681098,0.002425192690216578
lungs,doc1,0.002207505518763797,1.0986122886681098,0.002425192690216578
made,doc1,0.002207505518763797,1.0986122886681098,0.002425192690216578
makes,doc1,0.002207505518763797,1.0986122886681098,0.002425192690216578
male,doc1,0.002207505518763797,1.0986122886681098,0.002425192690216578
man,doc1,0.002207505518763797,1.0986122886681098,0.002425192690216578
mane,doc1,0.002207505518763797,1.0986122886681098,0.002425192690216578
many,doc1,0.03532008830022075,1.0986122886681098,0.03880308304346525
match,doc1,0.002207505518763797,1.0986122886681098,0.002425192690216578
means,doc1,0.002207505518763797,1.0986122886681098,0.002425192690216578
measure,doc1,0.002207505518763797,1.0986122886681098,0.002425192690216578
millimetres,doc1,0.002207505518763797,1.0986122886681098,0.002425192690216578
month,doc1,0.002207505518763797,1.0986122886681098,0.002425192690216578
months,doc1,0.002207505518763797,1.0986122886681098,0.002425192690216578
moon,doc1,0.002207505518763797,1.0986122886681098,0.002425192690216578
moses,doc1,0.002207505518763797,1.0986122886681098,0.002425192690216578
most,doc1,0.004415011037527594,1.0986122886681098,0.004850385380433156
mother,doc1,0.002207505518763797,0.4054651081081644,0.0008950664638149325
movies,doc1,0.002207505518763797,1.0986122886681098,0.002425192690216578
name,doc1,0.004415011037527594,1.0986122886681098,0.004850385380433156
named,doc1,0.002207505518763797,1.0986122886681098,0.002425192690216578
nearest,doc1,0.002207505518763797,1.0986122886681098,0.002425192690216578
number,doc1,0.002207505518763797,1.0986122886681098,0.002425192690216578
observed,doc1,0.002207505518763797,1.0986122886681098,0.002425192690216578
ocean,doc1,0.002207505518763797,1.0986122886681098,0.002425192690216578
of,doc1,0.03532008830022075,0.4054651081081644,0.01432106342103892
office,doc1,0.002207505518763797,1.0986122886681098,0.002425192690216578
on,doc1,0.008830022075055188,0.0,0.0
one,doc1,0.002207505518763797,1.0986122886681098,0.002425192690216578
or,doc1,0.006622516556291391,0.4054651081081644,0.0026851993914447972
our,doc1,0.002207505518763797,1.0986122886681098,0.002425192690216578
out,doc1,0.002207505518763797,0.4054651081081644,0.0008950664638149325
pack,doc1,0.002207505518763797,1.0986122886681098,0.002425192690216578
peace,doc1,0.002207505518763797,1.0986122886681098,0.002425192690216578
people,doc1,0.004415011037527594,1.0986122886681098,0.004850385380433156
person,doc1,0.002207505518763797,1.0986122886681098,0.002425192690216578
pet,doc1,0.002207505518763797,1.0986122886681098,0.002425192690216578
pig,doc1,0.002207505518763797,1.0986122886681098,0.002425192690216578
planet,doc1,0.002207505518763797,1.0986122886681098,0.002425192690216578
players,doc1,0.004415011037527594,1.0986122886681098,0.004850385380433156
portrayed,doc1,0.002207505518763797,1.0986122886681098,0.002425192690216578
post,doc1,0.002207505518763797,1.0986122886681098,0.002425192690216578
pressure,doc1,0.002207505518763797,1.0986122886681098,0.002425192690216578
primary,doc1,0.002207505518763797,1.0986122886681098,0.002425192690216578
process,doc1,0.002207505518763797,1.0986122886681098,0.002425192690216578
python,doc1,0.002207505518763797,0.4054651081081644,0.0008950664638149325
quicker,doc1,0.002207505518763797,1.0986122886681098,0.002425192690216578
rainbow,doc1,0.002207505518763797,1.0986122886681098,0.002425192690216578
rajah,doc1,0.002207505518763797,1.0986122886681098,0.002425192690216578
ram,doc1,0.002207505518763797,1.0986122886681098,0.002425192690216578
recognizable,doc1,0.002207505518763797,1.0986122886681098,0.002425192690216578
rise,doc1,0.002207505518763797,1.0986122886681098,0.002425192690216578
rising,doc1,0.002207505518763797,1.0986122886681098,0.002425192690216578
river,doc1,0.002207505518763797,1.0986122886681098,0.002425192690216578
seven,doc1,0.002207505518763797,1.0986122886681098,0.002425192690216578
shape,doc1,0.002207505518763797,1.0986122886681098,0.002425192690216578
sheep,doc1,0.002207505518763797,1.0986122886681098,0.002425192690216578
sides,doc1,0.006622516556291391,1.0986122886681098,0.007275578070649734
singers,doc1,0.002207505518763797,1.0986122886681098,0.002425192690216578
sink,doc1,0.002207505518763797,1.0986122886681098,0.002425192690216578
snake,doc1,0.002207505518763797,1.0986122886681098,0.002425192690216578
snow,doc1,0.002207505518763797,1.0986122886681098,0.002425192690216578
stand,doc1,0.002207505518763797,1.0986122886681098,0.002425192690216578
star,doc1,0.002207505518763797,1.0986122886681098,0.002425192690216578
stars,doc1,0.002207505518763797,1.0986122886681098,0.002425192690216578
summer,doc1,0.002207505518763797,1.0986122886681098,0.002425192690216578
sun,doc1,0.004415011037527594,1.0986122886681098,0.004850385380433156
surface,doc1,0.002207505518763797,1.0986122886681098,0.002425192690216578
survives,doc1,0.002207505518763797,1.0986122886681098,0.002425192690216578
symbolises,doc1,0.002207505518763797,1.0986122886681098,0.002425192690216578
team,doc1,0.002207505518763797,1.0986122886681098,0.002425192690216578
telephone,doc1,0.002207505518763797,1.0986122886681098,0.002425192690216578
that,doc1,0.002207505518763797,1.0986122886681098,0.002425192690216578
the,doc1,0.0728476821192053,0.0,0.0
there,doc1,0.02207505518763797,1.0986122886681098,0.02425192690216578
thousand,doc1,0.002207505518763797,1.0986122886681098,0.002425192690216578
through,doc1,0.002207505518763797,1.0986122886681098,0.002425192690216578
tiger,doc1,0.002207505518763797,1.0986122886681098,0.002425192690216578
titanic,doc1,0.002207505518763797,1.0986122886681098,0.002425192690216578
to,doc1,0.011037527593818985,0.0,0.0
toenails,doc1,0.002207505518763797,1.0986122886681098,0.002425192690216578
triangle,doc1,0.004415011037527594,1.0986122886681098,0.004850385380433156
tweedledee,doc1,0.002207505518763797,1.0986122886681098,0.002425192690216578
tweedledum,doc1,0.002207505518763797,1.0986122886681098,0.002425192690216578
two,doc1,0.002207505518763797,1.0986122886681098,0.002425192690216578
type,doc1,0.004415011037527594,1.0986122886681098,0.004850385380433156
up,doc1,0.002207505518763797,1.0986122886681098,0.002425192690216578
used,doc1,0.002207505518763797,1.0986122886681098,0.002425192690216578
villain,doc1,0.002207505518763797,1.0986122886681098,0.002425192690216578
volume,doc1,0.002207505518763797,1.0986122886681098,0.002425192690216578
vowels,doc1,0.002207505518763797,1.0986122886681098,0.002425192690216578
walk,doc1,0.002207505518763797,1.0986122886681098,0.002425192690216578
warming,doc1,0.002207505518763797,1.0986122886681098,0.002425192690216578
was,doc1,0.004415011037527594,1.0986122886681098,0.004850385380433156
water,doc1,0.002207505518763797,1.0986122886681098,0.002425192690216578
what,doc1,0.026490066225165563,0.4054651081081644,0.010740797565779189
where,doc1,0.002207505518763797,1.0986122886681098,0.002425192690216578
which,doc1,0.039735099337748346,1.0986122886681098,0.0436534684238984
white,doc1,0.002207505518763797,1.0986122886681098,0.002425192690216578
who,doc1,0.011037527593818985,1.0986122886681098,0.01212596345108289
whom,doc1,0.002207505518763797,1.0986122886681098,0.002425192690216578
won,doc1,0.002207505518763797,1.0986122886681098,0.002425192690216578
worlcup,doc1,0.002207505518763797,1.0986122886681098,0.002425192690216578
world,doc1,0.011037527593818985,1.0986122886681098,0.01212596345108289
www,doc1,0.002207505518763797,1.0986122886681098,0.002425192690216578
year,doc1,0.006622516556291391,1.0986122886681098,0.007275578070649734
you,doc1,0.008830022075055188,1.0986122886681098,0.009700770760866312
your,doc1,0.004415011037527594,1.0986122886681098,0.004850385380433156
zeros,doc1,0.002207505518763797,1.0986122886681098,0.002425192690216578
current,doc2,0.0625,1.0986122886681098,0.06866326804175686
is,doc2,0.125,0.0,0.0
me,doc2,0.0625,0.0,0.0
python,doc2,0.0625,0.4054651081081644,0.025341569256760274
sing,doc2,0.0625,0.4054651081081644,0.025341569256760274
tell,doc2,0.0625,0.4054651081081644,0.025341569256760274
time,doc2,0.25,1.0986122886681098,0.27465307216702745
todays,doc2,0.125,1.0986122886681098,0.13732653608351372
weather,doc2,0.0625,1.0986122886681098,0.06866326804175686
what,doc2,0.125,0.4054651081081644,0.05068313851352055
about,doc3,0.02631578947368421,1.0986122886681098,0.028910849701792363
abraham,doc3,0.008771929824561403,1.0986122886681098,0.009636949900597453
an,doc3,0.008771929824561403,0.4054651081081644,0.0035567114746330205
and,doc3,0.008771929824561403,0.4054651081081644,0.0035567114746330205
bad,doc3,0.008771929824561403,1.0986122886681098,0.009636949900597453
brother,doc3,0.008771929824561403,1.0986122886681098,0.009636949900597453
by,doc3,0.017543859649122806,0.4054651081081644,0.007113422949266041
day,doc3,0.03508771929824561,0.0,0.0
famous,doc3,0.043859649122807015,0.4054651081081644,0.017783557373165105
fathers,doc3,0.008771929824561403,1.0986122886681098,0.009636949900597453
for,doc3,0.017543859649122806,0.4054651081081644,0.007113422949266041
forgiveness,doc3,0.008771929824561403,1.0986122886681098,0.009636949900597453
friendship,doc3,0.008771929824561403,1.0986122886681098,0.009636949900597453
ghandhiji,doc3,0.008771929824561403,1.0986122886681098,0.009636949900597453
good,doc3,0.008771929824561403,1.0986122886681098,0.009636949900597453
happiness,doc3,0.008771929824561403,1.0986122886681098,0.009636949900597453
happy,doc3,0.008771929824561403,1.0986122886681098,0.009636949900597453
health,doc3,0.008771929824561403,1.0986122886681098,0.009636949900597453
inspiration,doc3,0.008771929824561403,1.0986122886681098,0.009636949900597453
inspirational,doc3,0.008771929824561403,1.0986122886681098,0.009636949900597453
inspire,doc3,0.008771929824561403,1.0986122886681098,0.009636949900597453
jobs,doc3,0.008771929824561403,1.0986122886681098,0.009636949900597453
john,doc3,0.008771929824561403,1.0986122886681098,0.009636949900597453
kennedy,doc3,0.008771929824561403,1.0986122886681098,0.009636949900597453
know,doc3,0.008771929824561403,0.4054651081081644,0.0035567114746330205
latest,doc3,0.008771929824561403,1.0986122886681098,0.009636949900597453
let,doc3,0.008771929824561403,0.4054651081081644,0.0035567114746330205
lincoln,doc3,0.008771929824561403,1.0986122886681098,0.009636949900597453
love,doc3,0.008771929824561403,1.0986122886681098,0.009636949900597453
make,doc3,0.008771929824561403,0.4054651081081644,0.0035567114746330205
me,doc3,0.08771929824561403,0.0,0.0
morning,doc3,0.008771929824561403,1.0986122886681098,0.009636949900597453
mother,doc3,0.008771929824561403,0.4054651081081644,0.0035567114746330205
motivational,doc3,0.008771929824561403,1.0986122886681098,0.009636949900597453
new,doc3,0.008771929824561403,1.0986122886681098,0.009636949900597453
of,doc3,0.02631578947368421,0.4054651081081644,0.010670134423899063
old,doc3,0.008771929824561403,1.0986122886681098,0.009636949900597453
please,doc3,0.03508771929824561,1.0986122886681098,0.03854779960238981
quote,doc3,0.08771929824561403,1.0986122886681098,0.09636949900597454
quotes,doc3,0.10526315789473684,1.0986122886681098,0.11564339880716945
random,doc3,0.008771929824561403,1.0986122886681098,0.009636949900597453
related,doc3,0.017543859649122806,1.0986122886681098,0.019273899801194906
sad,doc3,0.008771929824561403,1.0986122886681098,0.009636949900597453
say,doc3,0.008771929824561403,1.0986122886681098,0.009636949900597453
saying,doc3,0.008771929824561403,1.0986122886681098,0.009636949900597453
sayings,doc3,0.03508771929824561,1.0986122886681098,0.03854779960238981
show,doc3,0.017543859649122806,1.0986122886681098,0.019273899801194906
sister,doc3,0.008771929824561403,1.0986122886681098,0.009636949900597453
some,doc3,0.043859649122807015,1.0986122886681098,0.04818474950298727
steve,doc3,0.008771929824561403,1.0986122886681098,0.009636949900597453
teacher,doc3,0.008771929824561403,1.0986122886681098,0.009636949900597453
tell,doc3,0.043859649122807015,0.4054651081081644,0.017783557373165105
to,doc3,0.02631578947368421,0.0,0.0
with,doc3,0.008771929824561403,1.0986122886681098,0.009636949900597453
